name,url,cr,type,size,ac,hp,speed,align,legendary,source,str,dex,con,int,wis,cha
aarakocra,https://www.aidedd.org/dnd/monstres.php?vo=aarakocra,1/4,humanoid (aarakocra),Medium,12,13,fly,neutral good,,Monster Manual (BR),10.0,14.0,10.0,11.0,12.0,11.0
aboleth,https://www.aidedd.org/dnd/monstres.php?vo=aboleth,10,aberration,Large,17,135,swim,lawful evil,Legendary,Monster Manual (SRD),21.0,9.0,15.0,18.0,15.0,18.0
acolyte,https://www.aidedd.org/dnd/monstres.php?vo=acolyte,1/4,humanoid (any race),Medium,10,9,,any alignment,,Monster Manual (SRD),10.0,10.0,10.0,10.0,14.0,11.0
adult-black-dragon,https://www.aidedd.org/dnd/monstres.php?vo=adult-black-dragon,14,dragon,Huge,19,195,"fly, swim",chaotic evil,Legendary,Monster Manual (SRD),23.0,14.0,21.0,14.0,13.0,17.0
adult-blue-dragon,https://www.aidedd.org/dnd/monstres.php?vo=adult-blue-dragon,16,dragon,Huge,19,225,fly,lawful evil,Legendary,Monster Manual (SRD),25.0,10.0,23.0,16.0,15.0,19.0
adult-brass-dragon,https://www.aidedd.org/dnd/monstres.php?vo=adult-brass-dragon,13,dragon,Huge,18,172,fly,chaotic good,Legendary,Monster Manual (SRD),23.0,10.0,21.0,14.0,13.0,17.0
adult-bronze-dragon,https://www.aidedd.org/dnd/monstres.php?vo=adult-bronze-dragon,15,dragon,Huge,19,212,"fly, swim",lawful good,Legendary,Monster Manual (SRD),25.0,10.0,23.0,16.0,15.0,19.0
adult-copper-dragon,https://www.aidedd.org/dnd/monstres.php?vo=adult-copper-dragon,14,dragon,Huge,18,184,fly,chaotic good,Legendary,Monster Manual (SRD),23.0,12.0,21.0,18.0,15.0,17.0
adult-gold-dragon,https://www.aidedd.org/dnd/monstres.php?vo=adult-gold-dragon,17,dragon,Huge,19,256,"fly, swim",lawful good,Legendary,Monster Manual (SRD),27.0,14.0,25.0,16.0,15.0,24.0
adult-green-dragon,https://www.aidedd.org/dnd/monstres.php?vo=adult-green-dragon,15,dragon,Huge,19,207,"fly, swim",lawful evil,Legendary,Monster Manual (SRD),23.0,12.0,21.0,18.0,15.0,17.0
adult-red-dragon,https://www.aidedd.org/dnd/monstres.php?vo=adult-red-dragon,17,dragon,Huge,19,256,fly,chaotic evil,Legendary,Monster Manual (SRD),27.0,10.0,25.0,16.0,13.0,21.0
adult-silver-dragon,https://www.aidedd.org/dnd/monstres.php?vo=adult-silver-dragon,16,dragon,Huge,19,243,fly,lawful good,Legendary,Monster Manual (SRD),27.0,10.0,25.0,16.0,13.0,21.0
adult-white-dragon,https://www.aidedd.org/dnd/monstres.php?vo=adult-white-dragon,13,dragon,Huge,18,200,"fly, swim",chaotic evil,Legendary,Monster Manual (SRD),22.0,10.0,22.0,8.0,12.0,12.0
air-elemental,https://www.aidedd.org/dnd/monstres.php?vo=air-elemental,5,elemental,Large,15,90,fly,neutral,,Monster Manual (SRD),14.0,20.0,14.0,6.0,10.0,6.0
allosaurus,https://www.aidedd.org/dnd/monstres.php?vo=allosaurus,2,beast,Large,13,51,,unaligned,,Monster Manual (SRD),19.0,13.0,17.0,2.0,12.0,5.0
ancient-black-dragon,https://www.aidedd.org/dnd/monstres.php?vo=ancient-black-dragon,21,dragon,Gargantuan,22,367,"fly, swim",chaotic evil,Legendary,Monster Manual (SRD),27.0,14.0,25.0,16.0,15.0,19.0
ancient-blue-dragon,https://www.aidedd.org/dnd/monstres.php?vo=ancient-blue-dragon,23,dragon,Gargantuan,22,481,fly,lawful evil,Legendary,Monster Manual (SRD),29.0,10.0,27.0,18.0,17.0,21.0
ancient-brass-dragon,https://www.aidedd.org/dnd/monstres.php?vo=ancient-brass-dragon,20,dragon,Gargantuan,20,297,fly,chaotic good,Legendary,Monster Manual (SRD),27.0,10.0,25.0,16.0,15.0,19.0
ancient-bronze-dragon,https://www.aidedd.org/dnd/monstres.php?vo=ancient-bronze-dragon,22,dragon,Gargantuan,22,444,"fly, swim",lawful good,Legendary,Monster Manual (SRD),29.0,10.0,27.0,18.0,17.0,21.0
ancient-copper-dragon,https://www.aidedd.org/dnd/monstres.php?vo=ancient-copper-dragon,21,dragon,Gargantuan,21,350,fly,chaotic good,Legendary,Monster Manual (SRD),27.0,12.0,25.0,20.0,17.0,19.0
ancient-gold-dragon,https://www.aidedd.org/dnd/monstres.php?vo=ancient-gold-dragon,24,dragon,Gargantuan,22,546,"fly, swim",lawful good,Legendary,Monster Manual (SRD),30.0,14.0,29.0,18.0,17.0,28.0
ancient-green-dragon,https://www.aidedd.org/dnd/monstres.php?vo=ancient-green-dragon,22,dragon,Gargantuan,21,385,"fly, swim",lawful evil,Legendary,Monster Manual (SRD),27.0,12.0,25.0,20.0,17.0,19.0
ancient-red-dragon,https://www.aidedd.org/dnd/monstres.php?vo=ancient-red-dragon,24,dragon,Gargantuan,22,546,fly,chaotic evil,Legendary,Monster Manual (SRD),30.0,10.0,29.0,18.0,15.0,23.0
ancient-shadow,https://www.aidedd.org/dnd/monstres.php?vo=ancient-shadow,1,undead,Medium,13,32,,chaotic evil,,Extra (AideDD),6.0,16.0,14.0,6.0,10.0,8.0
ancient-silver-dragon,https://www.aidedd.org/dnd/monstres.php?vo=ancient-silver-dragon,23,dragon,Gargantuan,22,487,fly,lawful good,Legendary,Monster Manual (SRD),30.0,10.0,29.0,18.0,15.0,23.0
ancient-white-dragon,https://www.aidedd.org/dnd/monstres.php?vo=ancient-white-dragon,20,dragon,Gargantuan,20,333,"fly, swim",chaotic evil,Legendary,Monster Manual (SRD),26.0,10.0,26.0,10.0,13.0,14.0
androsphinx,https://www.aidedd.org/dnd/monstres.php?vo=androsphinx,17,monstrosity,Large,17,199,fly,lawful neutral,Legendary,Monster Manual (SRD),22.0,10.0,20.0,16.0,18.0,23.0
animated-armor,https://www.aidedd.org/dnd/monstres.php?vo=animated-armor,1,construct,Medium,18,33,,unaligned,,Monster Manual (SRD),14.0,11.0,13.0,1.0,3.0,1.0
ankheg,https://www.aidedd.org/dnd/monstres.php?vo=ankheg,2,monstrosity,Large,14,39,,unaligned,,Monster Manual (SRD),17.0,11.0,13.0,1.0,13.0,6.0
ankylosaurus,https://www.aidedd.org/dnd/monstres.php?vo=ankylosaurus,3,beast,Huge,15,68,,unaligned,,Monster Manual (SRD),19.0,11.0,15.0,2.0,12.0,5.0
annis-hag,https://www.aidedd.org/dnd/monstres.php?vo=annis-hag,6,fey,Large,17,75,,chaotic evil,,Volo's Guide to Monsters,21.0,12.0,14.0,13.0,14.0,15.0
ape,https://www.aidedd.org/dnd/monstres.php?vo=ape,1/2,beast,Medium,12,19,,unaligned,,Monster Manual (SRD),16.0,14.0,14.0,6.0,12.0,7.0
archmage,https://www.aidedd.org/dnd/monstres.php?vo=archmage,12,humanoid (any race),Medium,12,99,,any alignment,,Monster Manual (SRD),10.0,14.0,12.0,20.0,15.0,16.0
assassin,https://www.aidedd.org/dnd/monstres.php?vo=assassin,8,humanoid (any race),Medium,15,78,,any non-good alignment,,Monster Manual (SRD),11.0,16.0,14.0,13.0,11.0,10.0
astral-dreadnought,https://www.aidedd.org/dnd/monstres.php?vo=astral-dreadnought,21,monstrosity (titan),Gargantuan,20,297,fly,unaligned,Legendary,Mordenkainen's Tome of Foes,28.0,7.0,25.0,5.0,14.0,18.0
aurochs,https://www.aidedd.org/dnd/monstres.php?vo=aurochs,2,beast,Large,11,38,,unaligned,,Volo's Guide to Monsters,20.0,10.0,19.0,2.0,12.0,5.0
awakened-shrub,https://www.aidedd.org/dnd/monstres.php?vo=awakened-shrub,0,plant,Small,9,10,,unaligned,,Monster Manual (SRD),3.0,8.0,11.0,10.0,10.0,6.0
awakened-tree,https://www.aidedd.org/dnd/monstres.php?vo=awakened-tree,2,plant,Huge,13,59,,unaligned,,Monster Manual (SRD),19.0,6.0,15.0,10.0,10.0,7.0
axe-beak,https://www.aidedd.org/dnd/monstres.php?vo=axe-beak,1/4,beast,Large,11,19,,unaligned,,Monster Manual (SRD),14.0,12.0,12.0,2.0,10.0,5.0
azer,https://www.aidedd.org/dnd/monstres.php?vo=azer,2,elemental,Medium,17,39,,lawful neutral,,Monster Manual (SRD),17.0,12.0,15.0,12.0,13.0,10.0
baboon,https://www.aidedd.org/dnd/monstres.php?vo=baboon,0,beast,Small,12,3,,unaligned,,Monster Manual (SRD),8.0,14.0,11.0,4.0,12.0,6.0
badger,https://www.aidedd.org/dnd/monstres.php?vo=badger,0,beast,Tiny,10,3,,unaligned,,Monster Manual (SRD),4.0,11.0,12.0,2.0,12.0,5.0
balor,https://www.aidedd.org/dnd/monstres.php?vo=balor,19,fiend (demon),Huge,19,262,fly,chaotic evil,,Monster Manual (SRD),26.0,15.0,22.0,20.0,16.0,22.0
bandit,https://www.aidedd.org/dnd/monstres.php?vo=bandit,1/8,humanoid (any race),Medium,12,11,,any non-lawful alignment,,Monster Manual (SRD),11.0,12.0,12.0,10.0,10.0,10.0
bandit-captain,https://www.aidedd.org/dnd/monstres.php?vo=bandit-captain,2,humanoid (any race),Medium,15,65,,any non-lawful alignment,,Monster Manual (SRD),15.0,16.0,14.0,14.0,11.0,14.0
banshee,https://www.aidedd.org/dnd/monstres.php?vo=banshee,4,undead,Medium,12,58,fly,chaotic evil,,Monster Manual (SRD),1.0,14.0,10.0,12.0,11.0,17.0
barbed-devil,https://www.aidedd.org/dnd/monstres.php?vo=barbed-devil,5,fiend (devil),Medium,15,110,,lawful evil,,Monster Manual (SRD),16.0,17.0,18.0,12.0,14.0,14.0
barghest,https://www.aidedd.org/dnd/monstres.php?vo=barghest,4,fiend (shapechanger),Large,17,90,,neutral evil,,Volo's Guide to Monsters,19.0,15.0,14.0,13.0,12.0,14.0
barlgura,https://www.aidedd.org/dnd/monstres.php?vo=barlgura,5,fiend (demon),Large,15,68,,chaotic evil,,Monster Manual (BR),18.0,15.0,16.0,7.0,14.0,9.0
basilisk,https://www.aidedd.org/dnd/monstres.php?vo=basilisk,3,monstrosity,Medium,15,52,,unaligned,,Monster Manual (SRD),16.0,8.0,15.0,2.0,8.0,7.0
bat,https://www.aidedd.org/dnd/monstres.php?vo=bat,0,beast,Tiny,12,1,fly,unaligned,,Monster Manual (SRD),2.0,15.0,8.0,2.0,12.0,4.0
bearded-devil,https://www.aidedd.org/dnd/monstres.php?vo=bearded-devil,3,fiend (devil),Medium,13,52,,lawful evil,,Monster Manual (SRD),16.0,15.0,15.0,9.0,11.0,11.0
behir,https://www.aidedd.org/dnd/monstres.php?vo=behir,11,monstrosity,Huge,17,168,,neutral evil,,Monster Manual (SRD),23.0,16.0,18.0,7.0,14.0,12.0
belaphoss,https://www.aidedd.org/dnd/monstres.php?vo=belaphoss,20,fiend (demon),Huge,19,262,fly,chaotic evil,,Extra (Dragon Mag),26.0,15.0,22.0,20.0,16.0,22.0
berserker,https://www.aidedd.org/dnd/monstres.php?vo=berserker,2,humanoid (any race),Medium,13,67,,any chaotic alignment,,Monster Manual (SRD),16.0,12.0,17.0,9.0,11.0,9.0
black-bear,https://www.aidedd.org/dnd/monstres.php?vo=black-bear,1/2,beast,Medium,11,19,,unaligned,,Monster Manual (SRD),15.0,10.0,14.0,2.0,12.0,7.0
black-dragon-wyrmling,https://www.aidedd.org/dnd/monstres.php?vo=black-dragon-wyrmling,2,dragon,Medium,17,33,"fly, swim",chaotic evil,,Monster Manual (SRD),15.0,14.0,13.0,10.0,11.0,13.0
black-pudding,https://www.aidedd.org/dnd/monstres.php?vo=black-pudding,4,ooze,Large,7,85,,unaligned,,Monster Manual (SRD),16.0,5.0,16.0,1.0,6.0,1.0
blink-dog,https://www.aidedd.org/dnd/monstres.php?vo=blink-dog,1/4,fey,Medium,13,22,,lawful good,,Monster Manual (SRD),12.0,17.0,12.0,10.0,13.0,11.0
blood-hawk,https://www.aidedd.org/dnd/monstres.php?vo=blood-hawk,1/8,beast,Small,12,7,fly,unaligned,,Monster Manual (SRD),6.0,14.0,10.0,3.0,14.0,5.0
blue-dragon-wyrmling,https://www.aidedd.org/dnd/monstres.php?vo=blue-dragon-wyrmling,3,dragon,Medium,17,52,fly,lawful evil,,Monster Manual (SRD),17.0,10.0,15.0,12.0,11.0,15.0
boar,https://www.aidedd.org/dnd/monstres.php?vo=boar,1/4,beast,Medium,11,11,,unaligned,,Monster Manual (SRD),13.0,11.0,12.0,2.0,9.0,5.0
bone-devil,https://www.aidedd.org/dnd/monstres.php?vo=bone-devil,9,fiend (devil),Large,19,142,fly,lawful evil,,Monster Manual (SRD),18.0,16.0,18.0,13.0,14.0,16.0
brass-dragon-wyrmling,https://www.aidedd.org/dnd/monstres.php?vo=brass-dragon-wyrmling,1,dragon,Medium,16,16,fly,chaotic good,,Monster Manual (SRD),15.0,10.0,13.0,10.0,11.0,13.0
bronze-dragon-wyrmling,https://www.aidedd.org/dnd/monstres.php?vo=bronze-dragon-wyrmling,2,dragon,Medium,17,32,"fly, swim",lawful good,,Monster Manual (SRD),17.0,10.0,15.0,12.0,11.0,15.0
brown-bear,https://www.aidedd.org/dnd/monstres.php?vo=brown-bear,1,beast,Large,11,34,,unaligned,,Monster Manual (SRD),19.0,10.0,16.0,2.0,13.0,7.0
bugbear,https://www.aidedd.org/dnd/monstres.php?vo=bugbear,1,humanoid (goblinoid),Medium,16,27,,chaotic evil,,Monster Manual (SRD),15.0,14.0,13.0,8.0,11.0,9.0
bulette,https://www.aidedd.org/dnd/monstres.php?vo=bulette,5,monstrosity,Large,17,94,,unaligned,,Monster Manual (SRD),19.0,11.0,21.0,2.0,10.0,5.0
bullywug,https://www.aidedd.org/dnd/monstres.php?vo=bullywug,1/4,humanoid (bullywug),Medium,15,11,swim,neutral evil,,Monster Manual (BR),12.0,12.0,13.0,7.0,10.0,7.0
camel,https://www.aidedd.org/dnd/monstres.php?vo=camel,1/8,beast,Large,9,15,,unaligned,,Monster Manual (SRD),16.0,8.0,14.0,2.0,8.0,5.0
cat,https://www.aidedd.org/dnd/monstres.php?vo=cat,0,beast,Tiny,12,2,,unaligned,,Monster Manual (SRD),3.0,15.0,10.0,3.0,12.0,7.0
centaur,https://www.aidedd.org/dnd/monstres.php?vo=centaur,2,monstrosity,Large,12,45,,neutral good,,Monster Manual (SRD),18.0,14.0,14.0,9.0,13.0,11.0
chain-devil,https://www.aidedd.org/dnd/monstres.php?vo=chain-devil,8,fiend (devil),Medium,16,85,,lawful evil,,Monster Manual (SRD),18.0,15.0,18.0,11.0,12.0,14.0
chimera,https://www.aidedd.org/dnd/monstres.php?vo=chimera,6,monstrosity,Large,14,114,fly,chaotic evil,,Monster Manual (SRD),19.0,11.0,19.0,3.0,14.0,10.0
chuul,https://www.aidedd.org/dnd/monstres.php?vo=chuul,4,aberration,Large,16,93,swim,chaotic evil,,Monster Manual (SRD),19.0,10.0,16.0,5.0,11.0,5.0
clay-golem,https://www.aidedd.org/dnd/monstres.php?vo=clay-golem,9,construct,Large,14,133,,unaligned,,Monster Manual (SRD),20.0,9.0,18.0,3.0,8.0,1.0
cloaker,https://www.aidedd.org/dnd/monstres.php?vo=cloaker,8,aberration,Large,14,78,fly,chaotic neutral,,Monster Manual (SRD),17.0,15.0,12.0,13.0,12.0,14.0
cloud-giant,https://www.aidedd.org/dnd/monstres.php?vo=cloud-giant,9,giant,Huge,14,200,,neutral good ,,Monster Manual (SRD),27.0,10.0,22.0,12.0,16.0,16.0
cockatrice,https://www.aidedd.org/dnd/monstres.php?vo=cockatrice,1/2,monstrosity,Small,11,27,fly,unaligned,,Monster Manual (SRD),6.0,12.0,12.0,2.0,13.0,5.0
commoner,https://www.aidedd.org/dnd/monstres.php?vo=commoner,0,humanoid (any race),Medium,10,4,,any alignment,,Monster Manual (SRD),10.0,10.0,10.0,10.0,10.0,10.0
constrictor-snake,https://www.aidedd.org/dnd/monstres.php?vo=constrictor-snake,1/4,beast,Large,12,13,swim,unaligned,,Monster Manual (SRD),15.0,14.0,12.0,1.0,10.0,3.0
copper-dragon-wyrmling,https://www.aidedd.org/dnd/monstres.php?vo=copper-dragon-wyrmling,1,dragon,Medium,16,22,fly,chaotic good,,Monster Manual (SRD),15.0,12.0,13.0,14.0,11.0,13.0
couatl,https://www.aidedd.org/dnd/monstres.php?vo=couatl,4,celestial,Medium,19,97,fly,lawful good,,Monster Manual (SRD),16.0,20.0,17.0,18.0,20.0,18.0
cow,https://www.aidedd.org/dnd/monstres.php?vo=cow,1/4,beast,Large,10,15,,unaligned,,Volo's Guide to Monsters,18.0,10.0,14.0,2.0,10.0,4.0
crab,https://www.aidedd.org/dnd/monstres.php?vo=crab,0,beast,Tiny,11,2,swim,unaligned,,Monster Manual (SRD),2.0,11.0,10.0,1.0,8.0,2.0
crawling-claw,https://www.aidedd.org/dnd/monstres.php?vo=crawling-claw,0,undead,Tiny,12,2,,neutral evil,,Monster Manual (BR),13.0,14.0,11.0,5.0,10.0,4.0
crocodile,https://www.aidedd.org/dnd/monstres.php?vo=crocodile,1/2,beast,Large,12,19,swim,unaligned,,Monster Manual (SRD),15.0,10.0,13.0,2.0,10.0,5.0
cult-fanatic,https://www.aidedd.org/dnd/monstres.php?vo=cult-fanatic,2,humanoid (any race),Medium,13,33,,any non-good alignment,,Monster Manual (SRD),11.0,14.0,12.0,10.0,13.0,14.0
cultist,https://www.aidedd.org/dnd/monstres.php?vo=cultist,1/8,humanoid (any race),Medium,12,9,,any non-good alignment,,Monster Manual (SRD),11.0,12.0,10.0,10.0,11.0,10.0
cyclops,https://www.aidedd.org/dnd/monstres.php?vo=cyclops,6,giant,Huge,14,138,,chaotic neutral,,Monster Manual (SRD),22.0,11.0,20.0,8.0,6.0,10.0
dao,https://www.aidedd.org/dnd/monstres.php?vo=dao,11,elemental,Large,18,187,fly,neutral evil,,Monster Manual (BR),23.0,12.0,24.0,12.0,13.0,14.0
darkmantle,https://www.aidedd.org/dnd/monstres.php?vo=darkmantle,1/2,monstrosity,Small,11,22,fly,unaligned,,Monster Manual (SRD),16.0,12.0,13.0,2.0,10.0,5.0
death-dog,https://www.aidedd.org/dnd/monstres.php?vo=death-dog,1,monstrosity,Medium,12,39,,neutral evil,,Monster Manual (SRD),15.0,14.0,14.0,3.0,13.0,6.0
deep-gnome-svirfneblin,https://www.aidedd.org/dnd/monstres.php?vo=deep-gnome-svirfneblin,1/2,humanoid (gnome),Small,15,16,,neutral good,,Monster Manual (SRD),15.0,14.0,14.0,12.0,10.0,9.0
deer,https://www.aidedd.org/dnd/monstres.php?vo=deer,0,beast,Medium,13,4,,unaligned,,Monster Manual (SRD),11.0,16.0,11.0,2.0,14.0,5.0
deva,https://www.aidedd.org/dnd/monstres.php?vo=deva,10,celestial,Medium,17,136,fly,lawful good,,Monster Manual (SRD),18.0,18.0,18.0,17.0,20.0,20.0
devilroot,https://www.aidedd.org/dnd/monstres.php?vo=devilroot,7,plant,Medium,15,105,,neutral evil,,Extra (AideDD),17.0,11.0,17.0,12.0,14.0,14.0
dire-wolf,https://www.aidedd.org/dnd/monstres.php?vo=dire-wolf,1,beast,Large,14,37,,unaligned,,Monster Manual (SRD),17.0,15.0,15.0,3.0,12.0,7.0
djinni,https://www.aidedd.org/dnd/monstres.php?vo=djinni,11,elemental,Large,17,161,fly,chaotic good,,Monster Manual (SRD),21.0,15.0,22.0,15.0,16.0,20.0
dolphin,https://www.aidedd.org/dnd/monstres.php?vo=dolphin,1/8,beast,Medium,12,11,swim,unaligned,,Volo's Guide to Monsters,14.0,13.0,13.0,6.0,12.0,7.0
doppelganger,https://www.aidedd.org/dnd/monstres.php?vo=doppelganger,3,monstrosity (shapechanger),Medium,14,52,,neutral,,Monster Manual (SRD),11.0,18.0,14.0,11.0,12.0,14.0
draft-horse,https://www.aidedd.org/dnd/monstres.php?vo=draft-horse,1/4,beast,Large,10,19,,unaligned,,Monster Manual (SRD),18.0,10.0,12.0,2.0,11.0,7.0
dragon-turtle,https://www.aidedd.org/dnd/monstres.php?vo=dragon-turtle,17,dragon,Gargantuan,20,341,swim,neutral,,Monster Manual (SRD),25.0,10.0,20.0,10.0,12.0,12.0
dretch,https://www.aidedd.org/dnd/monstres.php?vo=dretch,1/4,fiend (demon),Small,11,18,,chaotic evil,,Monster Manual (SRD),11.0,11.0,12.0,5.0,8.0,3.0
drider,https://www.aidedd.org/dnd/monstres.php?vo=drider,6,monstrosity,Large,19,123,,chaotic evil,,Monster Manual (SRD),16.0,16.0,18.0,13.0,14.0,12.0
drow,https://www.aidedd.org/dnd/monstres.php?vo=drow,1/4,humanoid (elf),Medium,15,13,,neutral evil,,Monster Manual (SRD),10.0,14.0,10.0,11.0,11.0,12.0
drow-house-captain,https://www.aidedd.org/dnd/monstres.php?vo=drow-house-captain,9,humanoid (elf),Medium,16,162,,neutral evil,,Mordenkainen's Tome of Foes,14.0,19.0,15.0,12.0,14.0,13.0
drow-inquisitor,https://www.aidedd.org/dnd/monstres.php?vo=drow-inquisitor,14,humanoid (elf),Medium,16,143,,neutral evil,,Mordenkainen's Tome of Foes,11.0,15.0,14.0,16.0,21.0,20.0
drow-mage,https://www.aidedd.org/dnd/monstres.php?vo=drow-mage,7,humanoid (elf),Medium,12,45,,neutral evil,,Monster Manual (BR),9.0,14.0,10.0,17.0,13.0,12.0
druid,https://www.aidedd.org/dnd/monstres.php?vo=druid,2,humanoid (any race),Medium,11,27,,any alignment,,Monster Manual (SRD),10.0,12.0,13.0,12.0,15.0,11.0
dryad,https://www.aidedd.org/dnd/monstres.php?vo=dryad,1,fey,Medium,11,22,,neutral,,Monster Manual (SRD),10.0,12.0,11.0,14.0,15.0,18.0
duergar,https://www.aidedd.org/dnd/monstres.php?vo=duergar,1,humanoid (dwarf),Medium,16,26,,lawful evil,,Monster Manual (SRD),14.0,11.0,14.0,11.0,10.0,9.0
dust-mephit,https://www.aidedd.org/dnd/monstres.php?vo=dust-mephit,1/2,elemental,Small,12,17,fly,neutral evil,,Monster Manual (SRD),5.0,14.0,10.0,9.0,11.0,10.0
eagle,https://www.aidedd.org/dnd/monstres.php?vo=eagle,0,beast,Small,12,3,fly,unaligned,,Monster Manual (SRD),6.0,15.0,10.0,2.0,14.0,7.0
earth-elemental,https://www.aidedd.org/dnd/monstres.php?vo=earth-elemental,5,elemental,Large,17,126,,neutral,,Monster Manual (SRD),20.0,8.0,20.0,5.0,10.0,5.0
efreeti,https://www.aidedd.org/dnd/monstres.php?vo=efreeti,11,elemental,Large,17,200,fly,lawful evil,,Monster Manual (SRD),22.0,12.0,24.0,16.0,15.0,16.0
elephant,https://www.aidedd.org/dnd/monstres.php?vo=elephant,4,beast,Huge,12,76,,unaligned,,Monster Manual (SRD),22.0,9.0,17.0,3.0,11.0,6.0
elk,https://www.aidedd.org/dnd/monstres.php?vo=elk,1/4,beast,Large,10,13,,unaligned,,Monster Manual (SRD),16.0,10.0,12.0,2.0,10.0,6.0
erinyes,https://www.aidedd.org/dnd/monstres.php?vo=erinyes,12,fiend (devil),Medium,18,153,fly,lawful evil,,Monster Manual (SRD),18.0,16.0,18.0,14.0,14.0,18.0
ettercap,https://www.aidedd.org/dnd/monstres.php?vo=ettercap,2,monstrosity,Medium,13,44,,neutral evil,,Monster Manual (SRD),14.0,15.0,13.0,7.0,12.0,8.0
ettin,https://www.aidedd.org/dnd/monstres.php?vo=ettin,4,giant,Large,12,85,,chaotic evil,,Monster Manual (SRD),21.0,8.0,17.0,6.0,10.0,8.0
fire-elemental,https://www.aidedd.org/dnd/monstres.php?vo=fire-elemental,5,elemental,Large,13,102,,neutral,,Monster Manual (SRD),10.0,17.0,16.0,6.0,10.0,7.0
fire-giant,https://www.aidedd.org/dnd/monstres.php?vo=fire-giant,9,giant,Huge,18,162,,lawful evil,,Monster Manual (SRD),25.0,9.0,23.0,10.0,14.0,13.0
fire-snake,https://www.aidedd.org/dnd/monstres.php?vo=fire-snake,1,elemental,Medium,14,22,,neutral evil,,Monster Manual (BR),12.0,14.0,11.0,7.0,10.0,8.0
flameskull,https://www.aidedd.org/dnd/monstres.php?vo=flameskull,4,undead,Tiny,13,40,fly,neutral evil,,Monster Manual (SRD),1.0,17.0,14.0,16.0,10.0,11.0
flesh-golem,https://www.aidedd.org/dnd/monstres.php?vo=flesh-golem,5,construct,Medium,9,93,,neutral,,Monster Manual (SRD),19.0,9.0,18.0,6.0,10.0,5.0
flind,https://www.aidedd.org/dnd/monstres.php?vo=flind,9,humanoid (gnoll),Medium,16,127,,chaotic evil,,Volo's Guide to Monsters,20.0,10.0,19.0,11.0,13.0,12.0
flying-snake,https://www.aidedd.org/dnd/monstres.php?vo=flying-snake,1/8,beast,Tiny,14,5,"fly, swim",unaligned,,Monster Manual (SRD),4.0,18.0,11.0,2.0,12.0,5.0
flying-sword,https://www.aidedd.org/dnd/monstres.php?vo=flying-sword,1/4,construct,Small,17,17,fly,unaligned,,Monster Manual (SRD),12.0,15.0,11.0,1.0,5.0,1.0
frog,https://www.aidedd.org/dnd/monstres.php?vo=frog,0,beast,Tiny,11,1,swim,unaligned,,Monster Manual (SRD),1.0,13.0,8.0,1.0,8.0,3.0
froghemoth,https://www.aidedd.org/dnd/monstres.php?vo=froghemoth,10,monstrosity,Huge,14,184,swim,unaligned,,Volo's Guide to Monsters,23.0,13.0,20.0,2.0,12.0,5.0
frost-giant,https://www.aidedd.org/dnd/monstres.php?vo=frost-giant,8,giant,Huge,15,138,,neutral evil,,Monster Manual (SRD),23.0,9.0,21.0,9.0,10.0,12.0
galeb-duhr,https://www.aidedd.org/dnd/monstres.php?vo=galeb-duhr,6,elemental,Medium,16,85,,neutral,,Monster Manual (BR),20.0,14.0,20.0,11.0,12.0,11.0
gargoyle,https://www.aidedd.org/dnd/monstres.php?vo=gargoyle,2,elemental,Medium,15,52,fly,chaotic evil,,Monster Manual (SRD),15.0,11.0,16.0,6.0,11.0,7.0
gauth,https://www.aidedd.org/dnd/monstres.php?vo=gauth,6,aberration,Medium,15,67,fly,lawful evil,,Volo's Guide to Monsters,10.0,14.0,16.0,15.0,15.0,13.0
gelatinous-cube,https://www.aidedd.org/dnd/monstres.php?vo=gelatinous-cube,2,ooze,Large,6,84,,unaligned,,Monster Manual (SRD),14.0,3.0,20.0,1.0,6.0,1.0
ghast,https://www.aidedd.org/dnd/monstres.php?vo=ghast,2,undead,Medium,13,36,,chaotic evil,,Monster Manual (SRD),16.0,17.0,10.0,11.0,10.0,8.0
ghost,https://www.aidedd.org/dnd/monstres.php?vo=ghost,4,undead,Medium,11,45,fly,any alignment,,Monster Manual (SRD),7.0,13.0,10.0,10.0,12.0,17.0
ghoul,https://www.aidedd.org/dnd/monstres.php?vo=ghoul,1,undead,Medium,12,22,,chaotic evil,,Monster Manual (SRD),13.0,15.0,10.0,7.0,10.0,6.0
giant-ape,https://www.aidedd.org/dnd/monstres.php?vo=giant-ape,7,beast,Huge,12,157,,unaligned,,Monster Manual (SRD),23.0,14.0,18.0,7.0,12.0,7.0
giant-badger,https://www.aidedd.org/dnd/monstres.php?vo=giant-badger,1/4,beast,Medium,10,13,,unaligned,,Monster Manual (SRD),13.0,10.0,15.0,2.0,12.0,5.0
giant-bat,https://www.aidedd.org/dnd/monstres.php?vo=giant-bat,1/4,beast,Large,13,22,fly,unaligned,,Monster Manual (SRD),15.0,16.0,11.0,2.0,12.0,6.0
giant-boar,https://www.aidedd.org/dnd/monstres.php?vo=giant-boar,2,beast,Large,12,42,,unaligned,,Monster Manual (SRD),17.0,10.0,16.0,2.0,7.0,5.0
giant-centipede,https://www.aidedd.org/dnd/monstres.php?vo=giant-centipede,1/4,beast,Small,13,4,,unaligned,,Monster Manual (SRD),5.0,14.0,12.0,1.0,7.0,3.0
giant-constrictor-snake,https://www.aidedd.org/dnd/monstres.php?vo=giant-constrictor-snake,2,beast,Huge,12,60,swim,unaligned,,Monster Manual (SRD),19.0,14.0,12.0,1.0,10.0,3.0
giant-crab,https://www.aidedd.org/dnd/monstres.php?vo=giant-crab,1/8,beast,Medium,15,13,swim,unaligned,,Monster Manual (SRD),13.0,15.0,11.0,1.0,9.0,3.0
giant-crocodile,https://www.aidedd.org/dnd/monstres.php?vo=giant-crocodile,5,beast,Huge,14,85,swim,unaligned,,Monster Manual (SRD),21.0,9.0,17.0,2.0,10.0,7.0
giant-eagle,https://www.aidedd.org/dnd/monstres.php?vo=giant-eagle,1,beast,Large,13,26,fly,neutral good,,Monster Manual (SRD),16.0,17.0,13.0,8.0,14.0,10.0
giant-elk,https://www.aidedd.org/dnd/monstres.php?vo=giant-elk,2,beast,Huge,14,42,,unaligned,,Monster Manual (SRD),19.0,16.0,14.0,7.0,14.0,10.0
giant-fire-beetle,https://www.aidedd.org/dnd/monstres.php?vo=giant-fire-beetle,0,beast,Small,13,4,,unaligned,,Monster Manual (SRD),8.0,10.0,12.0,1.0,7.0,3.0
giant-frog,https://www.aidedd.org/dnd/monstres.php?vo=giant-frog,1/4,beast,Medium,11,18,swim,unaligned,,Monster Manual (SRD),12.0,13.0,11.0,2.0,10.0,3.0
giant-goat,https://www.aidedd.org/dnd/monstres.php?vo=giant-goat,1/2,beast,Large,11,19,,unaligned,,Monster Manual (SRD),17.0,11.0,12.0,3.0,12.0,6.0
giant-hyena,https://www.aidedd.org/dnd/monstres.php?vo=giant-hyena,1,beast,Large,12,45,,unaligned,,Monster Manual (SRD),16.0,14.0,14.0,2.0,12.0,7.0
giant-lizard,https://www.aidedd.org/dnd/monstres.php?vo=giant-lizard,1/4,beast,Large,12,19,,unaligned,,Monster Manual (SRD),15.0,12.0,13.0,2.0,10.0,5.0
giant-octopus,https://www.aidedd.org/dnd/monstres.php?vo=giant-octopus,1,beast,Large,11,52,swim,unaligned,,Monster Manual (SRD),17.0,13.0,13.0,4.0,10.0,4.0
giant-owl,https://www.aidedd.org/dnd/monstres.php?vo=giant-owl,1/4,beast,Large,12,19,fly,neutral,,Monster Manual (SRD),13.0,15.0,12.0,8.0,13.0,10.0
giant-poisonous-snake,https://www.aidedd.org/dnd/monstres.php?vo=giant-poisonous-snake,1/4,beast,Medium,14,11,swim,unaligned,,Monster Manual (SRD),10.0,18.0,13.0,2.0,10.0,3.0
giant-rat,https://www.aidedd.org/dnd/monstres.php?vo=giant-rat,1/8,beast,Small,12,7,,unaligned,,Monster Manual (SRD),7.0,15.0,11.0,2.0,10.0,4.0
giant-scorpion,https://www.aidedd.org/dnd/monstres.php?vo=giant-scorpion,3,beast,Large,15,52,,unaligned,,Monster Manual (SRD),15.0,13.0,15.0,1.0,9.0,3.0
giant-sea-horse,https://www.aidedd.org/dnd/monstres.php?vo=giant-sea-horse,1/2,beast,Large,13,16,swim,unaligned,,Monster Manual (SRD),12.0,15.0,11.0,2.0,12.0,5.0
giant-shark,https://www.aidedd.org/dnd/monstres.php?vo=giant-shark,5,beast,Huge,13,126,swim,unaligned,,Monster Manual (SRD),23.0,11.0,21.0,1.0,10.0,5.0
giant-spider,https://www.aidedd.org/dnd/monstres.php?vo=giant-spider,1,beast,Large,14,26,,unaligned,,Monster Manual (SRD),14.0,16.0,12.0,2.0,11.0,4.0
giant-toad,https://www.aidedd.org/dnd/monstres.php?vo=giant-toad,1,beast,Large,11,39,swim,unaligned,,Monster Manual (SRD),15.0,13.0,13.0,2.0,10.0,3.0
giant-two-headed-goat,https://www.aidedd.org/dnd/monstres.php?vo=giant-two-headed-goat,1/2,beast,Large,11,19,,unaligned,,Extra (Adventurers League),17.0,11.0,12.0,3.0,12.0,6.0
giant-vulture,https://www.aidedd.org/dnd/monstres.php?vo=giant-vulture,1,beast,Large,10,22,fly,neutral evil,,Monster Manual (SRD),15.0,10.0,15.0,6.0,12.0,7.0
giant-wasp,https://www.aidedd.org/dnd/monstres.php?vo=giant-wasp,1/2,beast,Medium,12,13,fly,unaligned,,Monster Manual (SRD),10.0,14.0,10.0,1.0,10.0,3.0
giant-weasel,https://www.aidedd.org/dnd/monstres.php?vo=giant-weasel,1/8,beast,Medium,13,9,,unaligned,,Monster Manual (SRD),11.0,16.0,10.0,4.0,12.0,5.0
giant-wolf-spider,https://www.aidedd.org/dnd/monstres.php?vo=giant-wolf-spider,1/4,beast,Medium,13,11,,unaligned,,Monster Manual (SRD),12.0,16.0,13.0,3.0,12.0,4.0
gibbering-mouther,https://www.aidedd.org/dnd/monstres.php?vo=gibbering-mouther,2,aberration,Medium,9,67,swim,neutral,,Monster Manual (SRD),10.0,8.0,16.0,3.0,10.0,6.0
glabrezu,https://www.aidedd.org/dnd/monstres.php?vo=glabrezu,9,fiend (demon),Large,17,157,,chaotic evil,,Monster Manual (SRD),20.0,15.0,21.0,19.0,17.0,16.0
gladiator,https://www.aidedd.org/dnd/monstres.php?vo=gladiator,5,humanoid (any race),Medium,16,112,,any alignment,,Monster Manual (SRD),18.0,15.0,16.0,10.0,12.0,15.0
gnoll,https://www.aidedd.org/dnd/monstres.php?vo=gnoll,1/2,humanoid (gnoll),Medium,15,22,,chaotic evil,,Monster Manual (SRD),14.0,12.0,11.0,6.0,10.0,7.0
gnoll-pack-lord,https://www.aidedd.org/dnd/monstres.php?vo=gnoll-pack-lord,2,humanoid (gnoll),Medium,15,49,,chaotic evil,,Monster Manual (BR),16.0,14.0,13.0,8.0,11.0,9.0
goat,https://www.aidedd.org/dnd/monstres.php?vo=goat,0,beast,Medium,10,4,,unaligned,,Monster Manual (SRD),12.0,10.0,11.0,2.0,10.0,5.0
goblin,https://www.aidedd.org/dnd/monstres.php?vo=goblin,1/4,humanoid (goblinoid),Small,15,7,,neutral evil,,Monster Manual (SRD),8.0,14.0,10.0,10.0,8.0,8.0
gold-dragon-wyrmling,https://www.aidedd.org/dnd/monstres.php?vo=gold-dragon-wyrmling,3,dragon,Medium,17,60,"fly, swim",lawful good,,Monster Manual (SRD),19.0,14.0,17.0,14.0,11.0,16.0
gorgon,https://www.aidedd.org/dnd/monstres.php?vo=gorgon,5,monstrosity,Large,19,114,,unaligned,,Monster Manual (SRD),20.0,11.0,18.0,2.0,12.0,7.0
gray-ooze,https://www.aidedd.org/dnd/monstres.php?vo=gray-ooze,1/2,ooze,Medium,8,22,,unaligned,,Monster Manual (SRD),12.0,6.0,16.0,1.0,6.0,2.0
green-dragon-wyrmling,https://www.aidedd.org/dnd/monstres.php?vo=green-dragon-wyrmling,2,dragon,Medium,17,38,"fly, swim",lawful evil,,Monster Manual (SRD),15.0,12.0,13.0,14.0,11.0,13.0
green-hag,https://www.aidedd.org/dnd/monstres.php?vo=green-hag,3,fey,Medium,17,82,,neutral evil,,Monster Manual (SRD),18.0,12.0,16.0,13.0,14.0,14.0
grell,https://www.aidedd.org/dnd/monstres.php?vo=grell,3,aberration,Medium,12,55,fly,neutral evil,,Monster Manual (BR),15.0,14.0,13.0,12.0,11.0,9.0
grick,https://www.aidedd.org/dnd/monstres.php?vo=grick,2,monstrosity,Medium,14,27,,neutral,,Monster Manual (SRD),14.0,14.0,11.0,3.0,14.0,5.0
griffon,https://www.aidedd.org/dnd/monstres.php?vo=griffon,2,monstrosity,Large,12,59,fly,unaligned,,Monster Manual (SRD),18.0,15.0,16.0,2.0,13.0,8.0
grimlock,https://www.aidedd.org/dnd/monstres.php?vo=grimlock,1/4,humanoid (grimlock),Medium,11,11,,neutral evil,,Monster Manual (SRD),16.0,12.0,12.0,9.0,8.0,6.0
guard,https://www.aidedd.org/dnd/monstres.php?vo=guard,1/8,humanoid (any race),Medium,16,11,,any alignment,,Monster Manual (SRD),13.0,12.0,12.0,10.0,11.0,10.0
guardian-naga,https://www.aidedd.org/dnd/monstres.php?vo=guardian-naga,10,monstrosity,Large,18,127,,lawful good,,Monster Manual (SRD),19.0,18.0,16.0,16.0,19.0,18.0
gynosphinx,https://www.aidedd.org/dnd/monstres.php?vo=gynosphinx,11,monstrosity,Large,17,136,fly,lawful neutral,Legendary,Monster Manual (SRD),18.0,15.0,16.0,18.0,18.0,18.0
half-ogre,https://www.aidedd.org/dnd/monstres.php?vo=half-ogre,1,giant,Large,12,30,,any chaotic alignment,,Monster Manual (BR),17.0,10.0,14.0,7.0,9.0,10.0
half-red-dragon-veteran,https://www.aidedd.org/dnd/monstres.php?vo=half-red-dragon-veteran,5,humanoid (human),Medium,18,65,,any alignment,,Monster Manual (BR),16.0,13.0,14.0,10.0,11.0,10.0
harpy,https://www.aidedd.org/dnd/monstres.php?vo=harpy,1,monstrosity,Medium,11,38,fly,chaotic evil,,Monster Manual (SRD),12.0,13.0,12.0,7.0,10.0,13.0
hawk,https://www.aidedd.org/dnd/monstres.php?vo=hawk,0,beast,Tiny,13,1,fly,unaligned,,Monster Manual (SRD),5.0,16.0,8.0,2.0,14.0,6.0
hell-hound,https://www.aidedd.org/dnd/monstres.php?vo=hell-hound,3,fiend,Medium,15,45,,lawful evil,,Monster Manual (SRD),17.0,12.0,14.0,6.0,13.0,6.0
helmed-horror,https://www.aidedd.org/dnd/monstres.php?vo=helmed-horror,4,construct,Medium,20,60,fly,neutral,,Monster Manual (BR),18.0,13.0,16.0,10.0,10.0,10.0
hezrou,https://www.aidedd.org/dnd/monstres.php?vo=hezrou,8,fiend (demon),Large,16,136,,chaotic evil,,Monster Manual (SRD),19.0,17.0,20.0,5.0,12.0,13.0
hill-giant,https://www.aidedd.org/dnd/monstres.php?vo=hill-giant,5,giant,Huge,13,105,,chaotic evil,,Monster Manual (SRD),21.0,8.0,19.0,5.0,9.0,6.0
hippogriff,https://www.aidedd.org/dnd/monstres.php?vo=hippogriff,1,monstrosity,Large,11,19,fly,unaligned,,Monster Manual (SRD),17.0,13.0,13.0,2.0,12.0,8.0
hobgoblin,https://www.aidedd.org/dnd/monstres.php?vo=hobgoblin,1/2,humanoid (goblinoid),Medium,18,11,,lawful evil,,Monster Manual (SRD),13.0,12.0,12.0,10.0,10.0,9.0
hobgoblin-captain,https://www.aidedd.org/dnd/monstres.php?vo=hobgoblin-captain,3,humanoid (goblinoid),Medium,17,39,,lawful evil,,Monster Manual (BR),15.0,14.0,14.0,12.0,10.0,13.0
hobgoblin-iron-shadow,https://www.aidedd.org/dnd/monstres.php?vo=hobgoblin-iron-shadow,2,humanoid (goblinoid),Medium,15,32,,lawful evil,,Volo's Guide to Monsters,14.0,16.0,15.0,14.0,15.0,11.0
homunculus,https://www.aidedd.org/dnd/monstres.php?vo=homunculus,0,construct,Tiny,13,5,fly,neutral,,Monster Manual (SRD),4.0,15.0,11.0,10.0,10.0,7.0
hook-horror,https://www.aidedd.org/dnd/monstres.php?vo=hook-horror,3,monstrosity,Large,15,75,,neutral,,Monster Manual (BR),18.0,10.0,15.0,6.0,12.0,7.0
horned-devil,https://www.aidedd.org/dnd/monstres.php?vo=horned-devil,11,fiend (devil),Large,18,178,fly,lawful evil,,Monster Manual (SRD),22.0,17.0,21.0,12.0,16.0,17.0
hunter-shark,https://www.aidedd.org/dnd/monstres.php?vo=hunter-shark,2,beast,Large,12,45,swim,unaligned,,Monster Manual (SRD),18.0,13.0,15.0,1.0,10.0,4.0
hydra,https://www.aidedd.org/dnd/monstres.php?vo=hydra,8,monstrosity,Huge,15,172,swim,unaligned,,Monster Manual (SRD),20.0,12.0,20.0,2.0,10.0,7.0
hyena,https://www.aidedd.org/dnd/monstres.php?vo=hyena,0,beast,Medium,11,5,,unaligned,,Monster Manual (SRD),11.0,13.0,12.0,2.0,12.0,5.0
ice-devil,https://www.aidedd.org/dnd/monstres.php?vo=ice-devil,14,fiend (devil),Large,18,180,,lawful evil,,Monster Manual (SRD),21.0,14.0,18.0,18.0,15.0,18.0
ice-mephit,https://www.aidedd.org/dnd/monstres.php?vo=ice-mephit,1/2,elemental,Small,11,21,fly,neutral evil,,Monster Manual (SRD),7.0,13.0,10.0,9.0,11.0,12.0
imp,https://www.aidedd.org/dnd/monstres.php?vo=imp,1,"fiend (devil, shapechanger)",Tiny,13,10,fly,lawful evil,,Monster Manual (SRD),6.0,17.0,13.0,11.0,12.0,14.0
invisible-stalker,https://www.aidedd.org/dnd/monstres.php?vo=invisible-stalker,6,elemental,Medium,14,104,fly,neutral,,Monster Manual (SRD),16.0,19.0,14.0,10.0,15.0,11.0
iron-golem,https://www.aidedd.org/dnd/monstres.php?vo=iron-golem,16,construct,Large,20,210,,unaligned,,Monster Manual (SRD),24.0,9.0,20.0,3.0,11.0,1.0
jackal,https://www.aidedd.org/dnd/monstres.php?vo=jackal,0,beast,Small,12,3,,unaligned,,Monster Manual (SRD),8.0,15.0,11.0,3.0,12.0,6.0
jackalwere,https://www.aidedd.org/dnd/monstres.php?vo=jackalwere,1/2,humanoid (shapechanger),Medium,12,18,,chaotic evil,,Monster Manual (BR),11.0,15.0,11.0,13.0,11.0,10.0
kenku,https://www.aidedd.org/dnd/monstres.php?vo=kenku,1/4,humanoid (kenku),Medium,13,13,,chaotic neutral,,Monster Manual (BR),10.0,16.0,10.0,11.0,10.0,10.0
killer-whale,https://www.aidedd.org/dnd/monstres.php?vo=killer-whale,3,beast,Huge,12,90,swim,unaligned,,Monster Manual (SRD),19.0,10.0,13.0,3.0,12.0,7.0
knight,https://www.aidedd.org/dnd/monstres.php?vo=knight,3,humanoid (any race),Medium,18,52,,any alignment,,Monster Manual (SRD),16.0,11.0,14.0,11.0,11.0,15.0
kobold,https://www.aidedd.org/dnd/monstres.php?vo=kobold,1/8,humanoid (kobold),Small,12,5,,lawful evil,,Monster Manual (SRD),7.0,15.0,9.0,8.0,7.0,8.0
kobold-inventor,https://www.aidedd.org/dnd/monstres.php?vo=kobold-inventor,1/4,humanoid (kobold),Small,12,13,,lawful evil,,Volo's Guide to Monsters,7.0,15.0,12.0,8.0,7.0,8.0
kraken,https://www.aidedd.org/dnd/monstres.php?vo=kraken,23,monstrosity (titan),Gargantuan,18,472,swim,chaotic evil,Legendary,Monster Manual (SRD),30.0,11.0,25.0,22.0,18.0,20.0
kuo-toa,https://www.aidedd.org/dnd/monstres.php?vo=kuo-toa,1/4,humanoid (kuo-toa),Medium,13,18,swim,neutral evil,,Monster Manual (BR),13.0,10.0,11.0,11.0,10.0,8.0
kuo-toa-archpriest,https://www.aidedd.org/dnd/monstres.php?vo=kuo-toa-archpriest,6,humanoid (kuo-toa),Medium,13,97,swim,neutral evil,,Monster Manual (BR),16.0,14.0,16.0,13.0,16.0,14.0
kuo-toa-whip,https://www.aidedd.org/dnd/monstres.php?vo=kuo-toa-whip,1,humanoid (kuo-toa),Medium,11,65,swim,neutral evil,,Monster Manual (BR),14.0,10.0,14.0,12.0,14.0,11.0
laeral-silverhand,https://www.aidedd.org/dnd/monstres.php?vo=laeral-silverhand,17,humanoid (human),Medium,18,228,,chaotic good,,Adventures (Dragon Heist),13.0,17.0,20.0,20.0,20.0,19.0
lamia,https://www.aidedd.org/dnd/monstres.php?vo=lamia,4,monstrosity,Large,13,97,,chaotic evil,,Monster Manual (SRD),16.0,13.0,15.0,14.0,15.0,16.0
lemure,https://www.aidedd.org/dnd/monstres.php?vo=lemure,0,fiend (devil),Medium,7,13,,lawful evil,,Monster Manual (SRD),10.0,5.0,11.0,1.0,11.0,3.0
lich,https://www.aidedd.org/dnd/monstres.php?vo=lich,21,undead,Medium,17,135,,any evil alignment,Legendary,Monster Manual (SRD),11.0,16.0,16.0,20.0,14.0,16.0
lion,https://www.aidedd.org/dnd/monstres.php?vo=lion,1,beast,Large,12,26,,unaligned,,Monster Manual (SRD),17.0,15.0,13.0,3.0,12.0,8.0
lizard,https://www.aidedd.org/dnd/monstres.php?vo=lizard,0,beast,Tiny,10,2,,unaligned,,Monster Manual (SRD),2.0,11.0,10.0,1.0,8.0,3.0
lizard-king-queen,https://www.aidedd.org/dnd/monstres.php?vo=lizard-king-queen,4,humanoid (lizardfolk),Medium,15,78,swim,chaotic evil,,Monster Manual (BR),17.0,12.0,15.0,11.0,11.0,15.0
lizardfolk,https://www.aidedd.org/dnd/monstres.php?vo=lizardfolk,1/2,humanoid (lizardfolk),Medium,15,22,swim,neutral,,Monster Manual (SRD),15.0,10.0,13.0,7.0,12.0,7.0
lizardfolk-shaman,https://www.aidedd.org/dnd/monstres.php?vo=lizardfolk-shaman,2,humanoid (lizardfolk),Medium,13,27,swim,neutral,,Monster Manual (BR),15.0,10.0,13.0,10.0,15.0,8.0
mage,https://www.aidedd.org/dnd/monstres.php?vo=mage,6,humanoid (any race),Medium,12,40,,any alignment,,Monster Manual (SRD),9.0,14.0,11.0,17.0,12.0,11.0
magma-mephit,https://www.aidedd.org/dnd/monstres.php?vo=magma-mephit,1/2,elemental,Small,11,22,fly,neutral evil,,Monster Manual (SRD),8.0,12.0,12.0,7.0,10.0,10.0
magmin,https://www.aidedd.org/dnd/monstres.php?vo=magmin,1/2,elemental,Small,14,9,,chaotic neutral,,Monster Manual (SRD),7.0,15.0,12.0,8.0,11.0,10.0
mammoth,https://www.aidedd.org/dnd/monstres.php?vo=mammoth,6,beast,Huge,13,126,,unaligned,,Monster Manual (SRD),24.0,9.0,21.0,3.0,11.0,6.0
manticore,https://www.aidedd.org/dnd/monstres.php?vo=manticore,3,monstrosity,Large,14,68,fly,lawful evil,,Monster Manual (SRD),17.0,16.0,17.0,7.0,12.0,8.0
marilith,https://www.aidedd.org/dnd/monstres.php?vo=marilith,16,fiend (demon),Large,18,189,,chaotic evil,,Monster Manual (SRD),18.0,20.0,20.0,18.0,16.0,20.0
mastiff,https://www.aidedd.org/dnd/monstres.php?vo=mastiff,1/8,beast,Medium,12,5,,unaligned,,Monster Manual (SRD),13.0,14.0,12.0,3.0,12.0,7.0
medusa,https://www.aidedd.org/dnd/monstres.php?vo=medusa,6,monstrosity,Medium,15,127,,lawful evil,,Monster Manual (SRD),10.0,15.0,16.0,12.0,13.0,15.0
merfolk,https://www.aidedd.org/dnd/monstres.php?vo=merfolk,1/8,humanoid (merfolk),Medium,11,11,swim,neutral,,Monster Manual (SRD),10.0,13.0,12.0,11.0,11.0,12.0
merrow,https://www.aidedd.org/dnd/monstres.php?vo=merrow,2,monstrosity,Large,13,45,swim,chaotic evil,,Monster Manual (SRD),18.0,10.0,15.0,8.0,10.0,9.0
mezzoloth,https://www.aidedd.org/dnd/monstres.php?vo=mezzoloth,5,fiend (yugoloth),Medium,18,75,,neutral evil,,Monster Manual (BR),18.0,11.0,16.0,7.0,10.0,11.0
mimic,https://www.aidedd.org/dnd/monstres.php?vo=mimic,2,monstrosity (shapechanger),Medium,12,58,,neutral,,Monster Manual (SRD),17.0,12.0,15.0,5.0,13.0,8.0
mindwitness,https://www.aidedd.org/dnd/monstres.php?vo=mindwitness,5,aberration,Large,15,75,fly,lawful evil,,Volo's Guide to Monsters,10.0,14.0,14.0,15.0,15.0,10.0
minotaur,https://www.aidedd.org/dnd/monstres.php?vo=minotaur,3,monstrosity,Large,14,76,,chaotic evil,,Monster Manual (SRD),18.0,11.0,16.0,6.0,16.0,9.0
minotaur-skeleton,https://www.aidedd.org/dnd/monstres.php?vo=minotaur-skeleton,2,undead,Large,12,67,,lawful evil,,Monster Manual (SRD),18.0,11.0,15.0,6.0,8.0,5.0
moloch,https://www.aidedd.org/dnd/monstres.php?vo=moloch,21,fiend (devil),Large,19,253,,lawful evil,Legendary,Mordenkainen's Tome of Foes,26.0,19.0,22.0,21.0,18.0,23.0
mud-mephit,https://www.aidedd.org/dnd/monstres.php?vo=mud-mephit,1/4,elemental,Small,11,27,"fly, swim",neutral evil,,Monster Manual (SRD),8.0,12.0,12.0,9.0,11.0,7.0
mule,https://www.aidedd.org/dnd/monstres.php?vo=mule,1/8,beast,Medium,10,11,,unaligned,,Monster Manual (SRD),14.0,10.0,13.0,2.0,10.0,5.0
mummified-warrior,https://www.aidedd.org/dnd/monstres.php?vo=mummified-warrior,1/4,undead,Medium,8,19,,neutral,,Extra (AideDD),13.0,6.0,14.0,8.0,6.0,8.0
mummy,https://www.aidedd.org/dnd/monstres.php?vo=mummy,3,undead,Medium,11,58,,lawful evil,,Monster Manual (SRD),16.0,8.0,15.0,6.0,10.0,12.0
mummy-lord,https://www.aidedd.org/dnd/monstres.php?vo=mummy-lord,15,undead,Medium,17,97,,lawful evil,Legendary,Monster Manual (SRD),18.0,10.0,17.0,11.0,18.0,16.0
nalfeshnee,https://www.aidedd.org/dnd/monstres.php?vo=nalfeshnee,13,fiend (demon),Large,18,184,fly,chaotic evil,,Monster Manual (SRD),21.0,10.0,22.0,19.0,12.0,15.0
narzugon,https://www.aidedd.org/dnd/monstres.php?vo=narzugon,13,fiend (devil),Medium,20,112,,lawful evil,,Mordenkainen's Tome of Foes,20.0,10.0,17.0,16.0,14.0,19.0
night-hag,https://www.aidedd.org/dnd/monstres.php?vo=night-hag,5,fiend,Medium,17,112,,neutral evil,,Monster Manual (SRD),18.0,15.0,16.0,16.0,14.0,16.0
nightmare,https://www.aidedd.org/dnd/monstres.php?vo=nightmare,3,fiend,Large,13,68,fly,neutral evil,,Monster Manual (SRD),18.0,15.0,16.0,10.0,13.0,15.0
nilbog,https://www.aidedd.org/dnd/monstres.php?vo=nilbog,1,humanoid (goblinoid),Small,13,7,,chaotic evil,,Volo's Guide to Monsters,8.0,14.0,10.0,10.0,8.0,15.0
noble,https://www.aidedd.org/dnd/monstres.php?vo=noble,1/8,humanoid (any race),Medium,15,9,,any alignment,,Monster Manual (SRD),11.0,12.0,11.0,12.0,14.0,16.0
nothic,https://www.aidedd.org/dnd/monstres.php?vo=nothic,2,aberration,Medium,15,45,,neutral evil,,Monster Manual,14.0,16.0,16.0,13.0,10.0,8.0
nycaloth,https://www.aidedd.org/dnd/monstres.php?vo=nycaloth,9,fiend (yugoloth),Large,18,123,fly,neutral evil,,Monster Manual (BR),20.0,11.0,19.0,12.0,10.0,15.0
ochre-jelly,https://www.aidedd.org/dnd/monstres.php?vo=ochre-jelly,2,ooze,Large,8,45,,unaligned,,Monster Manual (SRD),15.0,6.0,14.0,2.0,6.0,1.0
octopus,https://www.aidedd.org/dnd/monstres.php?vo=octopus,0,beast,Small,12,3,swim,unaligned,,Monster Manual (SRD),4.0,15.0,11.0,3.0,10.0,4.0
ogre,https://www.aidedd.org/dnd/monstres.php?vo=ogre,2,giant,Large,11,59,,chaotic evil,,Monster Manual (SRD),19.0,8.0,16.0,5.0,7.0,7.0
ogre-zombie,https://www.aidedd.org/dnd/monstres.php?vo=ogre-zombie,2,undead,Large,8,85,,neutral evil,,Monster Manual (SRD),19.0,6.0,18.0,3.0,6.0,5.0
oni,https://www.aidedd.org/dnd/monstres.php?vo=oni,7,giant,Large,16,110,fly,lawful evil,,Monster Manual (SRD),19.0,11.0,16.0,14.0,12.0,15.0
orc,https://www.aidedd.org/dnd/monstres.php?vo=orc,1/2,humanoid (orc),Medium,13,15,,chaotic evil,,Monster Manual (SRD),16.0,12.0,16.0,7.0,11.0,10.0
orc-eye-of-gruumsh,https://www.aidedd.org/dnd/monstres.php?vo=orc-eye-of-gruumsh,2,humanoid (orc),Medium,16,45,,chaotic evil,,Monster Manual (BR),16.0,12.0,16.0,9.0,13.0,12.0
orcus,https://www.aidedd.org/dnd/monstres.php?vo=orcus,26,fiend (demon),Huge,17,405,fly,chaotic evil,Legendary,Mordenkainen's Tome of Foes,27.0,14.0,25.0,20.0,20.0,25.0
orog,https://www.aidedd.org/dnd/monstres.php?vo=orog,2,humanoid (orc),Medium,18,42,,chaotic evil,,Monster Manual (BR),18.0,12.0,18.0,12.0,11.0,12.0
otyugh,https://www.aidedd.org/dnd/monstres.php?vo=otyugh,5,aberration,Large,14,114,,neutral,,Monster Manual (SRD),16.0,11.0,19.0,6.0,13.0,6.0
owl,https://www.aidedd.org/dnd/monstres.php?vo=owl,0,beast,Tiny,11,1,fly,unaligned,,Monster Manual (SRD),3.0,13.0,8.0,2.0,12.0,7.0
owlbear,https://www.aidedd.org/dnd/monstres.php?vo=owlbear,3,monstrosity,Large,13,59,,unaligned,,Monster Manual (SRD),20.0,12.0,17.0,3.0,12.0,7.0
panther,https://www.aidedd.org/dnd/monstres.php?vo=panther,1/4,beast,Medium,12,13,,unaligned,,Monster Manual (SRD),14.0,15.0,10.0,3.0,14.0,7.0
pegasus,https://www.aidedd.org/dnd/monstres.php?vo=pegasus,2,celestial,Large,12,59,fly,chaotic good,,Monster Manual (SRD),18.0,15.0,16.0,10.0,15.0,13.0
peryton,https://www.aidedd.org/dnd/monstres.php?vo=peryton,2,monstrosity,Medium,13,33,fly,chaotic evil,,Monster Manual (BR),16.0,12.0,13.0,9.0,12.0,10.0
phase-spider,https://www.aidedd.org/dnd/monstres.php?vo=phase-spider,3,monstrosity,Large,13,32,,unaligned,,Monster Manual (SRD),15.0,15.0,12.0,6.0,10.0,6.0
piercer,https://www.aidedd.org/dnd/monstres.php?vo=piercer,1/2,monstrosity,Medium,15,22,,unaligned,,Monster Manual (BR),10.0,13.0,16.0,1.0,7.0,3.0
pit-fiend,https://www.aidedd.org/dnd/monstres.php?vo=pit-fiend,20,fiend (devil),Large,19,300,fly,lawful evil,,Monster Manual (SRD),26.0,14.0,24.0,22.0,18.0,24.0
planetar,https://www.aidedd.org/dnd/monstres.php?vo=planetar,16,celestial,Large,19,200,fly,lawful good,,Monster Manual (SRD),24.0,20.0,24.0,19.0,22.0,25.0
plesiosaurus,https://www.aidedd.org/dnd/monstres.php?vo=plesiosaurus,2,beast,Large,13,68,swim,unaligned,,Monster Manual (SRD),18.0,15.0,16.0,2.0,12.0,5.0
poisonous-snake,https://www.aidedd.org/dnd/monstres.php?vo=poisonous-snake,1/8,beast,Tiny,13,2,swim,unaligned,,Monster Manual (SRD),2.0,16.0,11.0,1.0,10.0,3.0
polar-bear,https://www.aidedd.org/dnd/monstres.php?vo=polar-bear,2,beast,Large,12,42,swim,unaligned,,Monster Manual (SRD),20.0,10.0,16.0,2.0,13.0,7.0
pony,https://www.aidedd.org/dnd/monstres.php?vo=pony,1/8,beast,Medium,10,11,,unaligned,,Monster Manual (SRD),15.0,10.0,13.0,2.0,11.0,7.0
priest,https://www.aidedd.org/dnd/monstres.php?vo=priest,2,humanoid (any race),Medium,13,27,,any alignment,,Monster Manual (SRD),10.0,10.0,12.0,13.0,16.0,13.0
pseudodragon,https://www.aidedd.org/dnd/monstres.php?vo=pseudodragon,1/4,dragon,Tiny,13,7,fly,neutral good,,Monster Manual (SRD),6.0,15.0,13.0,10.0,12.0,10.0
pteranodon,https://www.aidedd.org/dnd/monstres.php?vo=pteranodon,1/4,beast,Medium,13,13,fly,unaligned,,Monster Manual (SRD),12.0,15.0,10.0,2.0,9.0,5.0
purple-worm,https://www.aidedd.org/dnd/monstres.php?vo=purple-worm,15,monstrosity,Gargantuan,18,247,,unaligned,,Monster Manual (SRD),28.0,7.0,22.0,1.0,8.0,4.0
quasit,https://www.aidedd.org/dnd/monstres.php?vo=quasit,1,"fiend (demon, shapechanger)",Tiny,13,7,,chaotic evil,,Monster Manual (SRD),5.0,17.0,10.0,7.0,10.0,10.0
quetzalcoatlus,https://www.aidedd.org/dnd/monstres.php?vo=quetzalcoatlus,2,beast,Huge,13,30,fly,unaligned,,Volo's Guide to Monsters,15.0,13.0,13.0,2.0,10.0,5.0
quipper,https://www.aidedd.org/dnd/monstres.php?vo=quipper,0,beast,Tiny,13,1,swim,unaligned,,Monster Manual (SRD),2.0,16.0,9.0,1.0,7.0,2.0
rakshasa,https://www.aidedd.org/dnd/monstres.php?vo=rakshasa,13,fiend,Medium,16,110,,lawful evil,,Monster Manual (SRD),14.0,17.0,18.0,13.0,16.0,20.0
rat,https://www.aidedd.org/dnd/monstres.php?vo=rat,0,beast,Tiny,10,1,,unaligned,,Monster Manual (SRD),2.0,11.0,9.0,2.0,10.0,4.0
raven,https://www.aidedd.org/dnd/monstres.php?vo=raven,0,beast,Tiny,12,1,fly,unaligned,,Monster Manual (SRD),2.0,14.0,8.0,2.0,12.0,6.0
red-dragon-wyrmling,https://www.aidedd.org/dnd/monstres.php?vo=red-dragon-wyrmling,4,dragon,Medium,17,75,fly,chaotic evil,,Monster Manual (SRD),19.0,10.0,17.0,12.0,11.0,15.0
reef-manta-ray,https://www.aidedd.org/dnd/monstres.php?vo=reef-manta-ray,1/2,beast,Large,12,16,swim,unaligned,,Extra (AideDD),13.0,12.0,12.0,1.0,12.0,4.0
reef-shark,https://www.aidedd.org/dnd/monstres.php?vo=reef-shark,1/2,beast,Medium,12,22,swim,unaligned,,Monster Manual (SRD),14.0,13.0,13.0,1.0,10.0,4.0
remorhaz,https://www.aidedd.org/dnd/monstres.php?vo=remorhaz,11,monstrosity,Huge,17,195,,unaligned,,Monster Manual (SRD),24.0,13.0,21.0,4.0,10.0,5.0
revenant,https://www.aidedd.org/dnd/monstres.php?vo=revenant,5,undead,Medium,13,136,,neutral,,Monster Manual (BR),18.0,14.0,18.0,13.0,16.0,18.0
rhinoceros,https://www.aidedd.org/dnd/monstres.php?vo=rhinoceros,2,beast,Large,11,45,,unaligned,,Monster Manual (SRD),21.0,8.0,15.0,2.0,12.0,6.0
riding-horse,https://www.aidedd.org/dnd/monstres.php?vo=riding-horse,1/4,beast,Large,10,13,,unaligned,,Monster Manual (SRD),16.0,10.0,12.0,2.0,11.0,7.0
roc,https://www.aidedd.org/dnd/monstres.php?vo=roc,11,monstrosity,Gargantuan,15,248,fly,unaligned,,Monster Manual (SRD),28.0,10.0,20.0,3.0,10.0,9.0
roper,https://www.aidedd.org/dnd/monstres.php?vo=roper,5,monstrosity,Large,20,93,,neutral evil,,Monster Manual (SRD),18.0,8.0,17.0,7.0,16.0,6.0
rug-of-smothering,https://www.aidedd.org/dnd/monstres.php?vo=rug-of-smothering,2,construct,Large,12,33,,unaligned,,Monster Manual (SRD),17.0,14.0,10.0,1.0,3.0,1.0
rust-monster,https://www.aidedd.org/dnd/monstres.php?vo=rust-monster,1/2,monstrosity,Medium,14,27,,unaligned,,Monster Manual (SRD),13.0,12.0,13.0,2.0,13.0,6.0
saber-toothed-tiger,https://www.aidedd.org/dnd/monstres.php?vo=saber-toothed-tiger,2,beast,Large,12,52,,unaligned,,Monster Manual (SRD),18.0,14.0,15.0,3.0,12.0,8.0
sahuagin,https://www.aidedd.org/dnd/monstres.php?vo=sahuagin,1/2,humanoid (sahuagin),Medium,12,22,swim,lawful evil,,Monster Manual (SRD),13.0,11.0,12.0,12.0,13.0,9.0
salamander,https://www.aidedd.org/dnd/monstres.php?vo=salamander,5,elemental,Large,15,90,,neutral evil,,Monster Manual (SRD),18.0,14.0,15.0,11.0,10.0,12.0
satyr,https://www.aidedd.org/dnd/monstres.php?vo=satyr,1/2,fey,Medium,14,31,,chaotic neutral,,Monster Manual (SRD),12.0,16.0,11.0,12.0,10.0,14.0
scorpion,https://www.aidedd.org/dnd/monstres.php?vo=scorpion,0,beast,Tiny,11,1,,unaligned,,Monster Manual (SRD),2.0,11.0,8.0,1.0,8.0,2.0
scout,https://www.aidedd.org/dnd/monstres.php?vo=scout,1/2,humanoid (any race),Medium,13,16,,any alignment,,Monster Manual (SRD),11.0,14.0,12.0,11.0,13.0,11.0
sea-hag,https://www.aidedd.org/dnd/monstres.php?vo=sea-hag,2,fey,Medium,14,52,swim,chaotic evil,,Monster Manual (SRD),16.0,13.0,16.0,12.0,12.0,13.0
sea-horse,https://www.aidedd.org/dnd/monstres.php?vo=sea-horse,0,beast,Tiny,11,1,swim,unaligned,,Monster Manual (SRD),1.0,12.0,8.0,1.0,10.0,2.0
shadow,https://www.aidedd.org/dnd/monstres.php?vo=shadow,1/2,undead,Medium,12,16,,chaotic evil,,Monster Manual (SRD),6.0,14.0,13.0,6.0,10.0,8.0
shadow-demon,https://www.aidedd.org/dnd/monstres.php?vo=shadow-demon,4,fiend (demon),Medium,13,66,fly,chaotic evil,,Monster Manual (BR),1.0,17.0,12.0,14.0,13.0,14.0
shambling-mound,https://www.aidedd.org/dnd/monstres.php?vo=shambling-mound,5,plant,Large,15,136,swim,unaligned,,Monster Manual (SRD),18.0,8.0,16.0,5.0,10.0,5.0
shield-guardian,https://www.aidedd.org/dnd/monstres.php?vo=shield-guardian,7,construct,Large,17,142,,unaligned,,Monster Manual (SRD),18.0,8.0,18.0,7.0,10.0,3.0
shrieker,https://www.aidedd.org/dnd/monstres.php?vo=shrieker,0,plant,Medium,5,13,,unaligned,,Monster Manual (SRD),1.0,1.0,10.0,1.0,3.0,1.0
sibriex,https://www.aidedd.org/dnd/monstres.php?vo=sibriex,18,fiend (demon),Huge,19,150,fly,chaotic evil,Legendary,Mordenkainen's Tome of Foes,10.0,3.0,23.0,25.0,24.0,25.0
silver-dragon-wyrmling,https://www.aidedd.org/dnd/monstres.php?vo=silver-dragon-wyrmling,2,dragon,Medium,17,45,fly,lawful good,,Monster Manual (SRD),19.0,10.0,17.0,12.0,11.0,15.0
skeleton,https://www.aidedd.org/dnd/monstres.php?vo=skeleton,1/4,undead,Medium,13,13,,lawful evil,,Monster Manual (SRD),10.0,14.0,15.0,6.0,8.0,5.0
slithering-tracker,https://www.aidedd.org/dnd/monstres.php?vo=slithering-tracker,3,ooze,Medium,14,32,swim,chaotic evil,,Volo's Guide to Monsters,16.0,19.0,15.0,10.0,14.0,11.0
smoke-mephit,https://www.aidedd.org/dnd/monstres.php?vo=smoke-mephit,1/4,elemental,Small,12,22,fly,neutral evil,,Monster Manual (SRD),6.0,14.0,12.0,10.0,10.0,11.0
solar,https://www.aidedd.org/dnd/monstres.php?vo=solar,21,celestial,Large,21,243,fly,lawful good,Legendary,Monster Manual (SRD),26.0,22.0,26.0,25.0,25.0,30.0
spectator,https://www.aidedd.org/dnd/monstres.php?vo=spectator,3,aberration,Medium,14,39,fly,lawful neutral,,Monster Manual,8.0,14.0,14.0,13.0,14.0,11.0
specter,https://www.aidedd.org/dnd/monstres.php?vo=specter,1,undead,Medium,12,22,fly,chaotic evil,,Monster Manual (SRD),1.0,14.0,11.0,10.0,10.0,11.0
spider,https://www.aidedd.org/dnd/monstres.php?vo=spider,0,beast,Tiny,12,1,,unaligned,,Monster Manual (SRD),2.0,14.0,8.0,1.0,10.0,2.0
spirit-naga,https://www.aidedd.org/dnd/monstres.php?vo=spirit-naga,8,monstrosity,Large,15,75,,chaotic evil,,Monster Manual (SRD),18.0,17.0,14.0,16.0,15.0,16.0
sprite,https://www.aidedd.org/dnd/monstres.php?vo=sprite,1/4,fey,Tiny,15,2,fly,neutral good,,Monster Manual (SRD),3.0,18.0,10.0,14.0,13.0,11.0
spy,https://www.aidedd.org/dnd/monstres.php?vo=spy,1,humanoid (any race),Medium,12,27,,any alignment,,Monster Manual (SRD),10.0,15.0,10.0,12.0,14.0,16.0
steam-mephit,https://www.aidedd.org/dnd/monstres.php?vo=steam-mephit,1/4,elemental,Small,10,21,fly,neutral evil,,Monster Manual (SRD),5.0,11.0,10.0,11.0,10.0,12.0
stirge,https://www.aidedd.org/dnd/monstres.php?vo=stirge,1/8,beast,Tiny,14,2,fly,unaligned,,Monster Manual (SRD),4.0,16.0,11.0,2.0,8.0,6.0
stone-giant,https://www.aidedd.org/dnd/monstres.php?vo=stone-giant,7,giant,Huge,17,126,,neutral,,Monster Manual (SRD),23.0,15.0,20.0,10.0,12.0,9.0
stone-giant-dreamwalker,https://www.aidedd.org/dnd/monstres.php?vo=stone-giant-dreamwalker,10,giant (stone giant),Huge,18,161,,chaotic neutral,,Volo's Guide to Monsters,23.0,14.0,21.0,10.0,8.0,12.0
stone-golem,https://www.aidedd.org/dnd/monstres.php?vo=stone-golem,10,construct,Large,17,178,,unaligned,,Monster Manual (SRD),22.0,9.0,20.0,3.0,11.0,1.0
storm-giant,https://www.aidedd.org/dnd/monstres.php?vo=storm-giant,13,giant,Huge,16,230,swim,chaotic good,,Monster Manual (SRD),29.0,14.0,20.0,16.0,18.0,18.0
succubus,https://www.aidedd.org/dnd/monstres.php?vo=succubus,4,fiend (shapechanger),Medium,15,66,fly,neutral evil,,Monster Manual (SRD),8.0,17.0,13.0,15.0,12.0,20.0
swarm-of-bats,https://www.aidedd.org/dnd/monstres.php?vo=swarm-of-bats,1/4,swarm of Tiny beasts,Medium,12,22,fly,unaligned,,Monster Manual (SRD),5.0,15.0,10.0,2.0,12.0,4.0
swarm-of-insects,https://www.aidedd.org/dnd/monstres.php?vo=swarm-of-insects,1/2,swarm of Tiny beasts,Medium,12,22,,unaligned,,Monster Manual (SRD),3.0,13.0,10.0,1.0,7.0,1.0
swarm-of-poisonous-snakes,https://www.aidedd.org/dnd/monstres.php?vo=swarm-of-poisonous-snakes,2,swarm of Tiny beasts,Medium,14,36,swim,unaligned,,Monster Manual (SRD),8.0,18.0,11.0,1.0,10.0,3.0
swarm-of-quippers,https://www.aidedd.org/dnd/monstres.php?vo=swarm-of-quippers,1,swarm of Tiny beasts,Medium,13,28,swim,unaligned,,Monster Manual (SRD),13.0,16.0,9.0,1.0,7.0,2.0
swarm-of-rats,https://www.aidedd.org/dnd/monstres.php?vo=swarm-of-rats,1/4,swarm of Tiny beasts,Medium,10,24,,unaligned,,Monster Manual (SRD),9.0,11.0,9.0,2.0,10.0,3.0
swarm-of-ravens,https://www.aidedd.org/dnd/monstres.php?vo=swarm-of-ravens,1/4,swarm of Tiny beasts,Medium,12,24,fly,unaligned,,Monster Manual (SRD),6.0,14.0,8.0,3.0,12.0,6.0
swarm-of-rot-grubs,https://www.aidedd.org/dnd/monstres.php?vo=swarm-of-rot-grubs,1/2,swarm of Tiny beasts,Medium,8,22,,unaligned,,Volo's Guide to Monsters,2.0,7.0,10.0,1.0,2.0,1.0
tanarukk,https://www.aidedd.org/dnd/monstres.php?vo=tanarukk,5,"fiend (demon, orc)",Medium,14,95,,chaotic evil,,Volo's Guide to Monsters,18.0,13.0,20.0,9.0,9.0,9.0
tarrasque,https://www.aidedd.org/dnd/monstres.php?vo=tarrasque,30,monstrosity (titan),Gargantuan,25,676,,unaligned,Legendary,Monster Manual (SRD),30.0,11.0,30.0,3.0,11.0,11.0
thug,https://www.aidedd.org/dnd/monstres.php?vo=thug,1/2,humanoid (any race),Medium,11,32,,any non-good alignment,,Monster Manual (SRD),15.0,11.0,14.0,10.0,10.0,11.0
tiger,https://www.aidedd.org/dnd/monstres.php?vo=tiger,1,beast,Large,12,37,,unaligned,,Monster Manual (SRD),17.0,15.0,14.0,3.0,12.0,8.0
treant,https://www.aidedd.org/dnd/monstres.php?vo=treant,9,plant,Huge,16,138,,chaotic good,,Monster Manual (SRD),23.0,8.0,21.0,12.0,16.0,12.0
tribal-warrior,https://www.aidedd.org/dnd/monstres.php?vo=tribal-warrior,1/8,humanoid (any race),Medium,12,11,,any alignment,,Monster Manual (SRD),13.0,11.0,12.0,8.0,11.0,8.0
triceratops,https://www.aidedd.org/dnd/monstres.php?vo=triceratops,5,beast,Huge,13,95,,unaligned,,Monster Manual (SRD),22.0,9.0,17.0,2.0,11.0,5.0
troglodyte,https://www.aidedd.org/dnd/monstres.php?vo=troglodyte,1/4,humanoid (troglodyte),Medium,11,13,,chaotic evil,,Monster Manual (BR),14.0,10.0,14.0,6.0,10.0,6.0
troll,https://www.aidedd.org/dnd/monstres.php?vo=troll,5,giant,Large,15,84,,chaotic evil,,Monster Manual (SRD),18.0,13.0,20.0,7.0,9.0,7.0
twig-blight,https://www.aidedd.org/dnd/monstres.php?vo=twig-blight,1/8,plant,Small,13,4,,neutral evil,,Monster Manual (SRD),6.0,13.0,12.0,4.0,8.0,3.0
tyrannosaurus-rex,https://www.aidedd.org/dnd/monstres.php?vo=tyrannosaurus-rex,8,beast,Huge,13,136,,unaligned,,Monster Manual (SRD),25.0,10.0,19.0,2.0,12.0,9.0
umber-hulk,https://www.aidedd.org/dnd/monstres.php?vo=umber-hulk,5,monstrosity,Large,18,93,,chaotic evil,,Monster Manual (BR),20.0,13.0,16.0,9.0,10.0,10.0
unicorn,https://www.aidedd.org/dnd/monstres.php?vo=unicorn,5,celestial,Large,12,67,,lawful good,Legendary,Monster Manual (SRD),18.0,14.0,15.0,11.0,17.0,16.0
vampire,https://www.aidedd.org/dnd/monstres.php?vo=vampire,13,undead (shapechanger),Medium,16,144,,lawful evil,Legendary,Monster Manual (SRD),18.0,18.0,18.0,17.0,15.0,18.0
vampire-spawn,https://www.aidedd.org/dnd/monstres.php?vo=vampire-spawn,5,undead,Medium,15,82,,neutral evil,,Monster Manual (SRD),16.0,16.0,16.0,11.0,10.0,12.0
venerable-shadow,https://www.aidedd.org/dnd/monstres.php?vo=venerable-shadow,2,undead,Medium,13,27,,chaotic evil,,Extra (AideDD),6.0,16.0,13.0,6.0,12.0,10.0
veteran,https://www.aidedd.org/dnd/monstres.php?vo=veteran,3,humanoid (any race),Medium,17,58,,any alignment,,Monster Manual (SRD),16.0,13.0,14.0,10.0,11.0,10.0
violet-fungus,https://www.aidedd.org/dnd/monstres.php?vo=violet-fungus,1/4,plant,Medium,5,18,,unaligned,,Monster Manual (SRD),3.0,1.0,10.0,1.0,3.0,1.0
vrock,https://www.aidedd.org/dnd/monstres.php?vo=vrock,6,fiend (demon),Large,15,104,fly,chaotic evil,,Monster Manual (SRD),17.0,15.0,18.0,8.0,13.0,8.0
vulture,https://www.aidedd.org/dnd/monstres.php?vo=vulture,0,beast,Medium,10,5,fly,unaligned,,Monster Manual (SRD),7.0,10.0,13.0,2.0,12.0,4.0
warhorse,https://www.aidedd.org/dnd/monstres.php?vo=warhorse,1/2,beast,Large,11,19,,unaligned,,Monster Manual (SRD),18.0,12.0,13.0,2.0,12.0,7.0
warhorse-skeleton,https://www.aidedd.org/dnd/monstres.php?vo=warhorse-skeleton,1/2,undead,Large,13,22,,lawful evil,,Monster Manual (SRD),18.0,12.0,15.0,2.0,8.0,5.0
water-elemental,https://www.aidedd.org/dnd/monstres.php?vo=water-elemental,5,elemental,Large,14,114,swim,neutral,,Monster Manual (SRD),18.0,14.0,18.0,5.0,10.0,8.0
water-weird,https://www.aidedd.org/dnd/monstres.php?vo=water-weird,3,elemental,Large,13,58,swim,neutral,,Monster Manual (BR),17.0,16.0,13.0,11.0,10.0,10.0
weasel,https://www.aidedd.org/dnd/monstres.php?vo=weasel,0,beast,Tiny,13,1,,unaligned,,Monster Manual (SRD),3.0,16.0,8.0,2.0,12.0,3.0
werebear,https://www.aidedd.org/dnd/monstres.php?vo=werebear,5,"humanoid (human, shapechanger)",Medium,10,135,,neutral good,,Monster Manual (SRD),19.0,10.0,17.0,11.0,12.0,12.0
wereboar,https://www.aidedd.org/dnd/monstres.php?vo=wereboar,4,"humanoid (human, shapechanger)",Medium,10,78,,neutral evil,,Monster Manual (SRD),17.0,10.0,15.0,10.0,11.0,8.0
wererat,https://www.aidedd.org/dnd/monstres.php?vo=wererat,2,"humanoid (human, shapechanger)",Medium,12,33,,lawful evil,,Monster Manual (SRD),10.0,15.0,12.0,11.0,10.0,8.0
weretiger,https://www.aidedd.org/dnd/monstres.php?vo=weretiger,4,"humanoid (human, shapechanger)",Medium,12,120,,neutral,,Monster Manual (SRD),17.0,15.0,16.0,10.0,13.0,11.0
werewolf,https://www.aidedd.org/dnd/monstres.php?vo=werewolf,3,"humanoid (human, shapechanger)",Medium,11,58,,chaotic evil,,Monster Manual (SRD),15.0,13.0,14.0,10.0,11.0,10.0
white-dragon-wyrmling,https://www.aidedd.org/dnd/monstres.php?vo=white-dragon-wyrmling,2,dragon,Medium,16,32,"fly, swim",chaotic evil,,Monster Manual (SRD),14.0,10.0,14.0,5.0,10.0,11.0
wight,https://www.aidedd.org/dnd/monstres.php?vo=wight,3,undead,Medium,14,45,,neutral evil,,Monster Manual (SRD),15.0,14.0,16.0,10.0,13.0,15.0
wild-dog,https://www.aidedd.org/dnd/monstres.php?vo=wild-dog,1/8,beast,Medium,12,5,,unaligned,,Extra (Adventurers League),13.0,14.0,12.0,3.0,12.0,7.0
wild-dog-alpha,https://www.aidedd.org/dnd/monstres.php?vo=wild-dog-alpha,1,beast,Large,12,26,,unaligned,,Extra (Adventurers League),17.0,15.0,13.0,3.0,12.0,8.0
will-o--wisp,https://www.aidedd.org/dnd/monstres.php?vo=will-o--wisp,2,undead,Tiny,19,22,fly,chaotic evil,,Monster Manual (SRD),1.0,28.0,10.0,13.0,14.0,11.0
winged-kobold,https://www.aidedd.org/dnd/monstres.php?vo=winged-kobold,1/4,humanoid (kobold),Small,13,7,fly,lawful evil,,Monster Manual (BR),7.0,16.0,9.0,8.0,7.0,8.0
winter-wolf,https://www.aidedd.org/dnd/monstres.php?vo=winter-wolf,3,monstrosity,Large,13,75,,neutral evil,,Monster Manual (SRD),18.0,13.0,14.0,7.0,12.0,8.0
wolf,https://www.aidedd.org/dnd/monstres.php?vo=wolf,1/4,beast,Medium,13,11,,unaligned,,Monster Manual (SRD),12.0,15.0,12.0,3.0,12.0,6.0
worg,https://www.aidedd.org/dnd/monstres.php?vo=worg,1/2,monstrosity,Large,13,26,,neutral evil,,Monster Manual (SRD),16.0,13.0,13.0,7.0,11.0,8.0
wraith,https://www.aidedd.org/dnd/monstres.php?vo=wraith,5,undead,Medium,13,67,fly,neutral evil,,Monster Manual (SRD),6.0,16.0,16.0,12.0,14.0,15.0
wyvern,https://www.aidedd.org/dnd/monstres.php?vo=wyvern,6,dragon,Large,13,110,fly,unaligned,,Monster Manual (SRD),19.0,10.0,16.0,5.0,12.0,6.0
xorn,https://www.aidedd.org/dnd/monstres.php?vo=xorn,5,elemental,Medium,19,73,,neutral,,Monster Manual (SRD),17.0,10.0,22.0,11.0,10.0,11.0
yeti,https://www.aidedd.org/dnd/monstres.php?vo=yeti,3,monstrosity,Large,12,51,,chaotic evil,,Monster Manual (SRD),18.0,13.0,16.0,8.0,12.0,7.0
young-black-dragon,https://www.aidedd.org/dnd/monstres.php?vo=young-black-dragon,7,dragon,Large,18,127,"fly, swim",chaotic evil,,Monster Manual (SRD),19.0,14.0,17.0,12.0,11.0,15.0
young-blue-dragon,https://www.aidedd.org/dnd/monstres.php?vo=young-blue-dragon,9,dragon,Large,18,152,fly,lawful evil,,Monster Manual (SRD),21.0,10.0,19.0,14.0,13.0,17.0
young-brass-dragon,https://www.aidedd.org/dnd/monstres.php?vo=young-brass-dragon,6,dragon,Large,17,110,fly,chaotic good,,Monster Manual (SRD),19.0,10.0,17.0,12.0,11.0,15.0
young-bronze-dragon,https://www.aidedd.org/dnd/monstres.php?vo=young-bronze-dragon,8,dragon,Large,18,142,"fly, swim",lawful good,,Monster Manual (SRD),21.0,10.0,19.0,14.0,13.0,17.0
young-copper-dragon,https://www.aidedd.org/dnd/monstres.php?vo=young-copper-dragon,7,dragon,Large,17,119,fly,chaotic good,,Monster Manual (SRD),19.0,12.0,17.0,16.0,13.0,15.0
young-gold-dragon,https://www.aidedd.org/dnd/monstres.php?vo=young-gold-dragon,10,dragon,Large,18,178,"fly, swim",lawful good,,Monster Manual (SRD),23.0,14.0,21.0,16.0,13.0,20.0
young-green-dragon,https://www.aidedd.org/dnd/monstres.php?vo=young-green-dragon,8,dragon,Large,18,136,"fly, swim",lawful evil,,Monster Manual (SRD),19.0,12.0,17.0,16.0,13.0,15.0
young-red-dragon,https://www.aidedd.org/dnd/monstres.php?vo=young-red-dragon,10,dragon,Large,18,178,fly,chaotic evil,,Monster Manual (SRD),23.0,10.0,21.0,14.0,11.0,19.0
young-silver-dragon,https://www.aidedd.org/dnd/monstres.php?vo=young-silver-dragon,9,dragon,Large,18,168,fly,lawful good,,Monster Manual (SRD),23.0,10.0,21.0,14.0,11.0,19.0
young-white-dragon,https://www.aidedd.org/dnd/monstres.php?vo=young-white-dragon,6,dragon,Large,17,133,"fly, swim",chaotic evil,,Monster Manual (SRD),18.0,10.0,18.0,6.0,11.0,12.0
yuan-ti-abomination,https://www.aidedd.org/dnd/monstres.php?vo=yuan-ti-abomination,7,"monstrosity (shapechanger, yuan-ti)",Large,15,127,,neutral evil,,Monster Manual (BR),19.0,16.0,17.0,17.0,15.0,18.0
yuan-ti-malison,https://www.aidedd.org/dnd/monstres.php?vo=yuan-ti-malison,3,"monstrosity (shapechanger, yuan-ti)",Medium,12,66,,neutral evil,,Monster Manual (BR),16.0,14.0,13.0,14.0,12.0,16.0
yuan-ti-nightmare-speaker,https://www.aidedd.org/dnd/monstres.php?vo=yuan-ti-nightmare-speaker,4,"monstrosity (shapechanger, yuan-ti)",Medium,14,71,,neutral evil,,Volo's Guide to Monsters,16.0,14.0,13.0,14.0,12.0,16.0
yuan-ti-pureblood,https://www.aidedd.org/dnd/monstres.php?vo=yuan-ti-pureblood,1,humanoid (yuan-ti),Medium,11,40,,neutral evil,,Monster Manual (BR),11.0,12.0,11.0,13.0,12.0,14.0
zariel,https://www.aidedd.org/dnd/monstres.php?vo=zariel,26,fiend (devil),Large,21,580,fly,lawful evil,Legendary,Mordenkainen's Tome of Foes,27.0,24.0,28.0,26.0,27.0,30.0
zombie,https://www.aidedd.org/dnd/monstres.php?vo=zombie,1/4,undead,Medium,8,22,,neutral evil,,Monster Manual (SRD),13.0,6.0,16.0,3.0,6.0,5.0
